Name,URL
DSCPDC_0002_BURST20190730195859417_COVER.JPG,https://drive.google.com/file/d/1-7IU-Fb8prQ5tslXzpZBRUcEDe1wZbE3/view?usp=drivesdk
DSC_0025.JPG,https://drive.google.com/file/d/1-3o6GjWkRuQ3AkEol7pvepcuz4oMZIit/view?usp=drivesdk
DSC_0026.JPG,https://drive.google.com/file/d/1-3bWm_piXyYhTcM36jFKDU_VCpcxeZXL/view?usp=drivesdk
DSC_0012.JPG,https://drive.google.com/file/d/1-02RGD4rjiIVWVJ3ESc8rlcX1PAAm75u/view?usp=drivesdk
Фото от andy gluks,https://drive.google.com/file/d/117mBPvn_1vBYodIQwTBtwrmbdrbasTEi/view?usp=drivesdk
IMG_20170308_153548.jpg,https://drive.google.com/file/d/0B1ndO-uvNvBrWlVDZzNvSjVJY1U/view?usp=drivesdk&resourcekey=0-f3MCHzPE_o1l7Axmn_iG2g
IMG_20170611_093119.jpg,https://drive.google.com/file/d/0B1ndO-uvNvBrN250WEhXQ09Bc1E/view?usp=drivesdk&resourcekey=0-q-k_mIM8YZ3Z0X5mZ5eyUw
IMG_20170611_093119.jpg,https://drive.google.com/file/d/0B1ndO-uvNvBrMG5xZ0N2cnlJUXc/view?usp=drivesdk&resourcekey=0-rFpVkVOrWguvwdrydF_X3g
IMG_20170611_093125.jpg,https://drive.google.com/file/d/0B1ndO-uvNvBrUlRNWWZsUHNHVnc/view?usp=drivesdk&resourcekey=0-FwTuluHW7CzkiHuCH181Tg
IMG_20170611_093156.jpg,https://drive.google.com/file/d/0B1ndO-uvNvBrcUJTSTdEYXJncEU/view?usp=drivesdk&resourcekey=0-RfxHEdzuL4VkES4BBUv-WA
IMG_20170611_093138.jpg,https://drive.google.com/file/d/0B1ndO-uvNvBrV3F6T05TZ21IVGs/view?usp=drivesdk&resourcekey=0-fkfHDnDrwqT8SAwRNg42KA
IMG_20170611_093204.jpg,https://drive.google.com/file/d/0B1ndO-uvNvBrNjgySmEwWnBwRjA/view?usp=drivesdk&resourcekey=0-48fX47MoFhRpkJZwuHog6A
IMG_20170611_093207.jpg,https://drive.google.com/file/d/0B1ndO-uvNvBrUE1wVTd3cmZlakE/view?usp=drivesdk&resourcekey=0-eGWmVL7EaQx7Sxdd9H2mhQ
IMG_20170614_193644.jpg,https://drive.google.com/file/d/0B1ndO-uvNvBrdW1kOXdMMWNaUkk/view?usp=drivesdk&resourcekey=0-M-vGH5rIFmR6wFADzt1Nqg
IMG_20170614_193639.jpg,https://drive.google.com/file/d/0B1ndO-uvNvBrZUxqZ2xXV0tXNmM/view?usp=drivesdk&resourcekey=0-dr__QRLyZYoix7wFGQfWPg
IMG_20170611_093229.jpg,https://drive.google.com/file/d/0B1ndO-uvNvBrWE9kbjJZVFBVMlE/view?usp=drivesdk&resourcekey=0-rdjuHd3CmTGurbhgimizMw
IMG_20170614_193649.jpg,https://drive.google.com/file/d/0B1ndO-uvNvBrSjV1ZldIT3pKYmc/view?usp=drivesdk&resourcekey=0-uG22XkqyvwldP4o-Hjq_jA
IMG_20170528_110024.jpg,https://drive.google.com/file/d/0B1ndO-uvNvBrNjQtZTdKYkNCTDA/view?usp=drivesdk&resourcekey=0-8MAy_bDPpY2Lzpa1Rp7Pmw
IMG_20170528_110027.jpg,https://drive.google.com/file/d/0B1ndO-uvNvBrUWl5ZHBHRElWU1U/view?usp=drivesdk&resourcekey=0-Fa4-emHVBgUke4XL3FYC4g
IMG_20170528_110034.jpg,https://drive.google.com/file/d/0B1ndO-uvNvBrbmJmQjNoaXo4cWM/view?usp=drivesdk&resourcekey=0-3J_aws6s7n-heS8oxUIQYA
